<?xml version="1.0" encoding="utf-8" ?>
<dwsync>
<file name="device.min.js" server="jewelofequator.com/www/" local="130874111910000000" remote="130912623600000000" Dst="0" />
<file name="jquery.appear.js" server="jewelofequator.com/www/" local="130874111910000000" remote="130912623600000000" Dst="0" />
<file name="jquery.browser.min.js" server="jewelofequator.com/www/" local="130874111910000000" remote="130912623600000000" Dst="0" />
<file name="jquery.easing.1.3.js" server="jewelofequator.com/www/" local="130874111910000000" remote="130912623600000000" Dst="0" />
<file name="jquery.min.js" server="jewelofequator.com/www/" local="130874111900000000" remote="130912623600000000" Dst="0" />
<file name="jquery.placeholder.min.js" server="jewelofequator.com/www/" local="130874111910000000" remote="130912623600000000" Dst="0" />
<file name="main.js" server="jewelofequator.com/www/" local="130874111910000000" remote="130912623600000000" Dst="0" />
<file name="modernizr.custom.js" server="jewelofequator.com/www/" local="130874111910000000" remote="130912623600000000" Dst="0" />
<file name="shop.min.js" server="jewelofequator.com/www/" local="130874111900000000" remote="130912623600000000" Dst="0" />
<file name="snap.min.js" server="jewelofequator.com/www/" local="130874111900000000" remote="130912623600000000" Dst="0" />
</dwsync>