<?xml version="1.0" encoding="utf-8" ?>
<dwsync>
<file name="ui-bg_flat_0_aaaaaa_40x100.html" server="jewelofequator.com/www/" local="130897865155840973" remote="130912622400000000" Dst="0" />
<file name="ui-bg_glass_55_fbf9ee_1x400.html" server="jewelofequator.com/www/" local="130897865155570958" remote="130912622400000000" Dst="0" />
<file name="ui-bg_glass_65_ffffff_1x400.html" server="jewelofequator.com/www/" local="130897865155540956" remote="130912622400000000" Dst="0" />
<file name="ui-bg_glass_75_dadada_1x400.html" server="jewelofequator.com/www/" local="130897865155320943" remote="130912622400000000" Dst="0" />
<file name="ui-bg_glass_75_e6e6e6_1x400.html" server="jewelofequator.com/www/" local="130897865155280941" remote="130912622400000000" Dst="0" />
<file name="ui-bg_glass_95_fef1ec_1x400.html" server="jewelofequator.com/www/" local="130897865155610960" remote="130912622400000000" Dst="0" />
<file name="ui-bg_highlight-soft_75_cccccc_1x100.html" server="jewelofequator.com/www/" local="130897865155250939" remote="130912622400000000" Dst="0" />
<file name="ui-icons_222222_256x240.html" server="jewelofequator.com/www/" local="130897865155640962" remote="130912622400000000" Dst="0" />
<file name="ui-icons_2e83ff_256x240.html" server="jewelofequator.com/www/" local="130897865155740967" remote="130912622400000000" Dst="0" />
<file name="ui-icons_454545_256x240.html" server="jewelofequator.com/www/" local="130897865155710966" remote="130912622400000000" Dst="0" />
<file name="ui-icons_888888_256x240.html" server="jewelofequator.com/www/" local="130897865155680964" remote="130912622400000000" Dst="0" />
<file name="ui-icons_cd0a0a_256x240.html" server="jewelofequator.com/www/" local="130897865155800971" remote="130912622400000000" Dst="0" />
</dwsync>